cov	frequency
49.51	0.000000
49.56	0.000000
49.61	0.000000
49.66	0.000000
49.71	0.000000
49.76	0.000000
49.81	0.000000
49.86	0.000000
49.91	0.000000
49.96	0.000000
50.01	1.000000
50.06	0.000000
50.11	0.000000
50.16	0.000000
50.21	0.000000
50.26	0.000000
50.31	0.000000
50.36	0.000000
50.41	0.000000
50.46	0.000000
